<?xml version="1.0" encoding="utf-8"?>
<openerp>
    <data>
               <record id="action_pos_payment" model="ir.actions.act_window">
            <field name="name">Payment</field>
            <field name="type">ir.actions.act_window</field>
            <field name="res_model">pos.make.payment</field>
            <field name="view_type">form</field>
            <field name="view_mode">form</field>
            <field name="target">new</field>
        </record>
            <record model="ir.ui.view" id="order_extended_tree">
            <field name="name">Orderstree</field>
            <field name="model">pos.order</field>
            <field name="inherit_id" ref="point_of_sale.view_pos_order_tree" />
            <field name="arch" type="xml">
              <xpath expr="/tree//field[@name='session_id']" position="after">
                  <button name="%(action_pos_payment)d" string="Payment" class="oe_highlight" type="action" states="draft,out" context="{'pos_session_id' : session_id}"/>
                  <button name="refund" string="Return Products" type="object"
                            attrs="{'invisible':['|',('state','=','draft'),('state','=','out')]}"/>
              </xpath>
                <xpath expr="/tree" position="attributes">

                    <attribute name="decoration-warning">state== 'out'</attribute>
                    <attribute name="decoration-success">state in ('paid','done')</attribute>
                    <attribute name="decoration-it">state == 'invoiced'</attribute>
                    <attribute name="decoration-muted">state == 'cancel'</attribute>

                </xpath>
                 </field>
            </record>
<!--        <record model="ir.ui.view" id="order_extended_view">
            <field name="name">pos.order</field>
            <field name="model">pos.order</field>
            <field name="inherit_id" ref="point_of_sale.view_pos_pos_form" />
            <field name="type">form</field>
            <field name="arch" type="xml">
                 <xpath expr="/form//field                 [@name='fiscal_position_id']" position="after">
                 <field name="manuf_time" />
                 <field name="delivery_time" />
                </xpath>


     
                       </field>

                      </record>-->
    </data>
</openerp>
